user,activity,timestamp,x-axis,y-axis,z-axis
31,Walking,22414251503000,-2.72,5.86,-1.18
31,Walking,22416731483000,-2.34,8.66,-2.22
31,Walking,22419251655000,0.0,8.35,-0.84
31,Walking,22421731544000,-0.57,9.7,-0.46
31,Walking,22424251686000,4.37,15.24,2.26
31,Walking,22426731514000,-6.4,6.44,1.38
31,Walking,22429261543000,-3.6,5.18,1.88
31,Walking,22431741524000,-6.13,11.07,0.69
31,Walking,22434261574000,0.04,8.24,-0.8
31,Walking,22436752052000,-1.12,8.77,-1.04
31,Walking,22439231514000,2.75,11.8,-1.69
31,Walking,22441731483000,-3.83,14.71,-3.64
31,Walking,22444251503000,-2.76,3.76,-1.73
31,Walking,22446761513000,-2.45,7.67,-0.57
31,Walking,22449241524000,-3.95,12.15,-3.53
31,Walking,22451731605000,-0.89,8.73,-0.19
31,Walking,22454251503000,-0.89,9.85,0.23
31,Walking,22456752052000,2.91,12.18,3.06
31,Walking,22459231636000,-6.13,13.8,-3.57
31,Walking,22461752052000,0.99,6.74,-1.27
31,Walking,22464241524000,-2.96,4.02,0.27
31,Walking,22466761665000,0.34,8.01,0.76
31,Walking,22469241524000,-2.45,5.67,-1.27
31,Walking,22471761482000,-0.61,8.62,-0.99
31,Walking,22474261482000,0.53,9.34,0.15
31,Walking,22476741493000,-0.53,8.2,-0.99
31,Walking,22479261482000,3.21,12.18,3.3
31,Walking,22481741585000,-0.5,12.15,-2.41
31,Walking,22484261635000,0.04,5.28,-1.57
31,Walking,22486741493000,4.67,18.31,10.38
31,Walking,22489231453000,-2.37,5.83,-2.18
31,Walking,22491752083000,-0.08,8.01,-1.18
31,Walking,22494231514000,0.04,7.67,-0.46
31,Walking,22496752022000,1.12,11.22,3.45
31,Walking,22499231483000,2.45,11.8,-0.34
31,Walking,22501752052000,-2.91,4.6,1.92
31,Walking,22504261604000,0.5,6.05,-0.99
31,Walking,22506741524000,-4.1,3.95,0.65
31,Walking,22509251503000,-3.76,13.33,3.3
31,Walking,22511761604000,-4.06,10.0,-2.45
31,Walking,22514241524000,-0.38,8.81,-0.11
31,Walking,22516761482000,-0.95,9.89,-0.19
31,Walking,22519241493000,2.18,10.95,-1.54
31,Walking,22521761482000,-3.76,19.38,-4.14
31,Walking,22524241524000,-0.04,6.24,-2.03
31,Walking,22526761482000,4.99,15.02,0.95
31,Walking,22529241585000,-3.83,10.92,-2.68
31,Walking,22531741829000,-0.99,9.58,-0.42
31,Walking,22534261482000,-2.18,11.45,4.25
31,Walking,22536751320000,2.3,13.76,4.94
31,Walking,22539231483000,-8.43,11.92,-2.87
31,Walking,22541751503000,0.04,6.13,-1.27
31,Walking,22544231483000,-2.45,8.73,4.82
31,Walking,22546751472000,-2.26,9.3,-1.23
31,Walking,22549231605000,-4.18,12.57,-4.44
31,Walking,22551751472000,0.04,8.28,-0.5
31,Walking,22554231483000,2.14,14.67,1.8
31,Walking,22556751472000,-0.11,7.08,-0.72
31,Walking,22559231483000,-3.6,3.41,-0.11
31,Walking,22561751503000,-4.6,17.73,8.5
31,Walking,22564231483000,-0.65,7.74,-0.46
31,Walking,22566751564000,-0.46,9.19,-0.5
31,Walking,22569231483000,1.04,11.22,-1.73
31,Walking,22571731575000,0.8,11.88,-2.15
31,Walking,22574251472000,-0.93,4.67,-0.23
31,Walking,22576731483000,-3.45,3.99,-0.08
31,Walking,22579251564000,-1.92,4.99,1.04
31,Walking,22581741707000,-2.11,3.53,-1.27
31,Walking,22584261482000,-1.27,9.53,-0.72
31,Walking,22586742164000,-0.69,9.3,-0.76
31,Walking,22589261482000,-0.99,10.73,-0.42
31,Walking,22591741585000,-2.53,9.04,0.0
31,Walking,22594241524000,-1.54,12.6,0.27
31,Walking,22596763038000,-6.21,16.74,-3.49
31,Walking,22599251503000,-1.95,3.57,-2.15
31,Walking,22601731483000,0.91,8.54,1.33
31,Walking,22604251442000,-4.48,9.66,-2.26
31,Walking,22606731483000,-0.93,8.35,0.0
31,Walking,22609251442000,0.27,14.21,3.15
31,Walking,22611831276000,-3.06,3.45,0.42
31,Walking,22614231483000,-1.42,6.09,-2.41
31,Walking,22616751594000,-0.46,9.81,-0.19
31,Walking,22619241493000,-2.56,11.41,-2.76
31,Walking,22621761574000,-0.53,8.24,0.0
31,Walking,22624251472000,2.72,12.18,2.22
31,Walking,22626731483000,-1.57,4.14,-2.41
31,Walking,22629251472000,5.52,18.16,7.27
31,Walking,22631761482000,-4.14,10.04,-4.44
31,Walking,22634241615000,-1.18,9.3,0.23
31,Walking,22636761482000,4.52,15.51,1.99
31,Walking,22639241524000,-2.3,4.18,1.88
31,Walking,22641761635000,1.5,12.83,11.11
31,Walking,22644241493000,-4.99,11.5,1.92
31,Walking,22646761604000,-2.07,9.15,-0.53
31,Walking,22649241493000,-2.72,11.56,5.01
31,Walking,22651761635000,2.34,13.1,2.34
31,Walking,22654241493000,-4.33,5.71,0.8
31,Walking,22656741524000,-0.69,9.72,8.62
31,Walking,22659261513000,-2.49,3.02,-2.11
31,Walking,22661741493000,-0.19,9.62,-0.38
31,Walking,22664261482000,-0.04,7.86,-0.15
31,Walking,22666741585000,-0.19,9.0,-1.54
31,Walking,22669261635000,4.48,14.25,3.41
31,Walking,22671741524000,1.14,11.14,-1.95
31,Walking,22674261482000,-2.37,6.32,-0.69
31,Walking,22676751472000,-2.6,4.6,-1.54
31,Walking,22679231483000,-2.6,3.06,-1.12
31,Walking,22681751503000,1.88,12.3,8.16
31,Walking,22684231483000,5.24,14.14,-1.23
31,Walking,22686751472000,-1.95,6.74,-1.5
31,Walking,22689231483000,-1.33,11.26,-2.76
31,Walking,22691751503000,-0.42,7.78,-0.84
31,Walking,22694231483000,-0.11,8.92,-0.65
31,Walking,22696751472000,0.46,10.8,-0.69
31,Walking,22699231483000,2.68,12.95,-1.38
31,Walking,22701761574000,-1.84,16.44,-4.06
31,Walking,22704241493000,-3.11,6.36,0.0
31,Walking,22706741493000,1.42,6.28,-1.27
31,Walking,22709261513000,6.13,15.05,7.27
31,Walking,22711761482000,-2.87,11.5,0.95
31,Walking,22714241493000,-2.72,11.07,-2.37
31,Walking,22716761482000,-0.31,7.12,-0.8
31,Walking,22719261543000,-0.46,9.47,-0.11
31,Walking,22721741493000,3.98,13.82,-1.18
31,Walking,22724261513000,0.38,16.55,-3.68
31,Walking,22726761482000,0.04,5.28,-2.07
31,Walking,22729241524000,-2.3,3.11,-0.23
31,Walking,22731752022000,8.12,19.0,10.84
31,Walking,22734231514000,-2.76,7.86,2.07
31,Walking,22736752052000,-2.79,7.78,1.42
31,Walking,22739231483000,-2.18,11.22,-2.98
31,Walking,22741752052000,-1.42,7.93,-1.18
31,Walking,22744231514000,-0.99,9.04,-0.53
31,Walking,22746761482000,-0.76,10.19,-0.57
31,Walking,22749241646000,1.73,12.91,4.48
31,Walking,22751761482000,4.75,14.29,0.53
31,Walking,22754241524000,1.8,11.56,-2.07
31,Walking,22756761513000,-3.57,6.63,-0.89
31,Walking,22759241554000,0.11,6.24,-1.38
31,Walking,22761731636000,-3.41,6.28,4.99
31,Walking,22764261604000,-3.6,12.34,4.18
31,Walking,22766741493000,-3.02,11.41,-2.45
31,Walking,22769241524000,-0.34,7.97,-0.57
31,Walking,22771761604000,0.5,9.08,-1.5
31,Walking,22774241524000,-0.15,8.66,-0.84
31,Walking,22776731483000,2.6,11.54,-1.84
31,Walking,22779261604000,-7.01,11.99,-1.54
31,Walking,22781741463000,-0.04,4.06,-2.98
31,Walking,22784261604000,0.11,15.32,14.06
31,Walking,22786741646000,-0.8,12.57,2.83
31,Walking,22789261604000,-1.04,11.35,-3.87
31,Walking,22791741676000,-0.38,8.01,-1.69
31,Walking,22794241554000,1.04,9.08,-0.57
31,Walking,22796761665000,1.8,11.11,-1.99
31,Walking,22799261726000,1.65,10.46,-1.18
31,Walking,22801741585000,-2.45,6.55,-0.31
31,Walking,22804251442000,-3.15,7.82,5.13
31,Walking,22806731636000,-3.95,16.89,4.37
31,Walking,22809251564000,0.23,8.92,-0.8
31,Walking,22811761482000,-1.42,7.93,-0.89
31,Walking,22814241615000,-0.65,9.81,-0.38
31,Walking,22816761635000,2.49,11.99,2.14
31,Walking,22819241615000,-4.99,7.55,0.89
31,Walking,22821761482000,-1.73,4.02,-2.45
31,Walking,22824241676000,-0.38,8.31,1.95
31,Walking,22826731605000,-2.11,10.38,-2.6
31,Walking,22829251472000,0.3,9.34,-0.61
31,Walking,22831731483000,1.57,11.6,-1.5
31,Walking,22834251533000,-5.48,9.19,-2.6
31,Walking,22836731483000,-2.56,4.9,-2.03
31,Walking,22839251472000,-0.69,9.0,-0.8
31,Walking,22841731483000,-3.64,11.07,-2.49
31,Walking,22844251625000,-1.54,8.89,-1.38
31,Walking,22846752144000,0.27,9.66,-0.65
31,Walking,22849231483000,1.57,12.95,2.34
31,Walking,22851741524000,4.59,17.08,2.96
31,Walking,22854221565000,0.8,15.55,-4.9
31,Walking,22856761482000,-0.42,4.29,0.15
31,Walking,22859241493000,-3.64,3.76,-1.18
31,Walking,22862171669000,0.46,7.44,0.27
31,Walking,22864261757000,-2.76,4.48,-1.88
31,Walking,22866752144000,-3.06,14.63,-3.21
31,Walking,22869241646000,-1.46,8.81,0.91
31,Walking,22871761513000,-0.15,7.55,-0.69
31,Walking,22874241646000,-1.31,9.89,0.04
31,Walking,22876741554000,2.64,12.95,6.09
31,Walking,22879261513000,-0.95,3.95,-2.45
31,Walking,22881751808000,0.34,13.72,11.26
31,Walking,22884231483000,-5.6,13.67,3.34
31,Walking,22886761513000,-1.33,9.19,-2.22
31,Walking,22889251533000,-0.42,8.16,-0.65
31,Walking,22891741463000,-1.61,12.64,3.36
31,Walking,22894261482000,1.61,12.57,5.63
31,Walking,22896753486000,-6.55,12.91,-0.53
31,Walking,22899271278000,-1.61,4.71,0.19
31,Walking,22901761482000,0.34,9.19,0.95
31,Walking,22904241524000,-4.14,7.12,0.61
31,Jogging,23191991646000,-2.6,3.02,-3.11
31,Jogging,23194511635000,-4.48,9.58,4.29
31,Jogging,23196991585000,-16.66,10.76,-2.76
31,Jogging,23199491463000,-1.8,6.47,4.79
31,Jogging,23202002601000,-5.71,19.72,0.84
31,Jogging,23204511574000,-5.6,-4.37,-4.75
31,Jogging,23206991615000,3.15,2.98,8.69
31,Jogging,23209501503000,-2.87,19.76,-0.5
31,Jogging,23211991615000,1.92,3.26,-0.23
31,Jogging,23214511604000,-18.09,19.76,1.69
31,Jogging,23217011604000,-1.69,-0.27,-1.46
31,Jogging,23219501503000,0.11,-1.27,-0.04
31,Jogging,23221991737000,-14.98,14.67,-3.53
31,Jogging,23224521492000,2.72,2.07,-0.72
31,Jogging,23227021614000,-19.11,10.46,6.17
31,Jogging,23229501625000,0.23,-3.3,-6.13
31,Jogging,23232001930000,-19.19,19.72,-13.02
31,Jogging,23234491554000,3.83,11.8,2.87
31,Jogging,23237011604000,0.53,3.45,-2.3
31,Jogging,23239501594000,-12.6,1.27,5.56
31,Jogging,23242021644000,0.3,-1.33,0.69
31,Jogging,23244501594000,-18.96,19.04,-4.33
31,Jogging,23246991524000,-1.69,4.63,-1.8
31,Jogging,23249511665000,0.11,5.79,-2.37
31,Jogging,23251991615000,-19.15,8.47,9.15
31,Jogging,23254491707000,0.42,-2.79,-3.76
31,Jogging,23257011696000,-2.56,-0.8,-1.12
31,Jogging,23259502083000,-18.58,18.43,-6.36
31,Jogging,23262021461000,0.38,3.68,-1.18
31,Jogging,23264521492000,-3.3,5.67,-0.5
31,Jogging,23267001991000,-19.0,9.47,9.72
31,Jogging,23269491615000,-2.03,-3.95,-5.43
31,Jogging,23271991463000,-15.75,14.86,-3.95
31,Jogging,23274511513000,2.6,3.34,-1.76
31,Jogging,23277021492000,-1.69,5.33,-2.72
31,Jogging,23279501625000,-7.74,-7.97,-12.57
31,Jogging,23282021614000,-1.88,-1.73,-0.61
31,Jogging,23284501655000,-12.6,17.39,-5.63
31,Jogging,23287021644000,0.61,2.18,-1.12
31,Jogging,23289511635000,-7.93,-2.03,-2.64
31,Jogging,23292011543000,-0.84,-0.95,-0.11
31,Jogging,23294492744000,1.33,18.77,7.63
31,Jogging,23297021644000,-16.44,17.27,-2.37
31,Jogging,23299511635000,-0.93,-3.83,-6.55
31,Jogging,23301991615000,-4.33,-1.53,0.04
31,Jogging,23304511665000,-5.05,15.94,4.82
31,Jogging,23306991463000,0.34,3.38,-2.45
31,Jogging,23309511635000,-2.76,-3.57,-6.74
31,Jogging,23312001655000,-1.76,-0.84,-1.31
31,Jogging,23314491646000,1.73,9.0,0.3
31,Jogging,23317011604000,-8.66,6.13,-4.4
31,Jogging,23319491707000,-3.38,-5.18,-8.81
31,Jogging,23321994484000,-12.11,10.65,-9.04
31,Jogging,23324521492000,0.19,4.71,-0.27
31,Jogging,23327001930000,-19.23,19.76,0.76
31,Jogging,23329491676000,0.57,-1.23,-2.41
31,Jogging,23332001655000,-19.23,19.76,-1.23
31,Jogging,23334521492000,2.14,2.49,-2.76
31,Jogging,23336991707000,-14.21,0.65,8.54
31,Jogging,23339511513000,-3.64,-0.15,-0.23
31,Jogging,23342021644000,-1.31,14.63,-4.18
31,Jogging,23344501655000,-5.63,2.96,-2.72
31,Jogging,23347001930000,-1.27,-4.71,-5.86
31,Jogging,23349521644000,-19.23,16.59,-5.33
31,Jogging,23352021644000,2.6,6.09,1.23
31,Jogging,23354501655000,-18.12,19.11,-1.08
31,Jogging,23357021492000,0.38,-1.42,-1.5
31,Jogging,23359501625000,-4.79,18.81,10.46
31,Jogging,23361991798000,0.69,3.79,1.18
31,Jogging,23364491646000,-3.72,-3.79,-4.6
31,Jogging,23367011452000,-18.62,17.43,-2.03
31,Jogging,23369501594000,0.95,2.41,-0.65
31,Jogging,23371991615000,-11.96,-1.38,3.3
31,Jogging,23374511482000,-7.86,2.91,-1.08
31,Jogging,23376991585000,-7.27,18.12,-4.14
31,Jogging,23379521522000,-19.23,19.76,5.37
31,Jogging,23382001686000,0.8,-1.23,-5.56
31,Jogging,23384521644000,-19.04,19.11,-6.59
31,Jogging,23387001839000,2.14,4.18,1.31
31,Jogging,23389501655000,-18.96,19.0,0.69
31,Jogging,23391991585000,0.3,-3.36,-6.28
31,Jogging,23394511604000,-17.16,17.27,-4.9
31,Jogging,23396991646000,1.95,2.53,-1.46
31,Jogging,23399521644000,1.08,-2.53,-6.51
31,Jogging,23402001625000,-18.47,18.28,-2.18
31,Jogging,23404491676000,-0.53,2.72,-1.99
31,Jogging,23406991615000,-2.98,-6.17,-9.53
31,Jogging,23409521644000,-13.67,14.41,-2.96
31,Jogging,23412001655000,-0.27,3.99,0.23
31,Jogging,23414491493000,-12.87,-5.98,-4.18
31,Jogging,23417021644000,-13.59,11.75,3.49
31,Jogging,23419511513000,1.88,3.99,-0.99
31,Jogging,23422001655000,-19.23,19.76,1.88
31,Jogging,23424491463000,0.84,-2.56,-4.21
31,Jogging,23427011452000,-2.64,12.95,-4.37
31,Jogging,23429501533000,-11.6,10.84,-3.15
31,Jogging,23431991585000,-2.41,-3.41,-5.83
31,Jogging,23434501594000,-16.74,19.0,-6.28
31,Jogging,23437021614000,-2.3,5.24,-2.79
31,Jogging,23439502571000,-1.42,-4.48,-7.35
31,Jogging,23442021461000,-19.08,19.11,-5.75
31,Jogging,23444511482000,3.36,3.17,2.91
31,Jogging,23446992836000,-18.43,6.17,2.3
31,Jogging,23449521492000,-0.69,-3.98,1.38
31,Jogging,23452001686000,-19.15,19.76,-5.41
31,Jogging,23454491798000,4.59,5.01,-0.23
31,Jogging,23457001991000,-4.56,-6.93,-9.81
31,Jogging,23459521614000,-2.03,0.65,0.84
31,Jogging,23462001716000,0.8,3.79,2.26
31,Jogging,23464501655000,-2.79,-0.19,-1.88
31,Jogging,23467021675000,-18.96,16.7,-2.6
31,Jogging,23469521522000,2.37,2.03,-1.31
31,Jogging,23472021675000,-4.9,-2.07,-5.13
31,Jogging,23474502479000,-11.22,7.4,-0.34
31,Jogging,23477021522000,5.18,4.37,-0.08
31,Jogging,23479511604000,-1.14,-1.5,-2.91
31,Jogging,23481991829000,-18.01,17.54,-4.75
31,Jogging,23484511452000,1.53,5.18,-1.04
31,Jogging,23486991585000,-5.52,-0.3,-0.99
31,Jogging,23489522194000,-19.19,18.7,0.19
31,Jogging,23492001686000,-0.53,6.7,-2.45
31,Jogging,23494521614000,-19.08,19.72,1.84
31,Jogging,23497001991000,-1.46,-2.11,-4.02
31,Jogging,23499491798000,-18.31,18.28,-3.72
31,Jogging,23502011604000,-0.61,4.52,-3.06
31,Jogging,23504491585000,-1.5,-2.03,-1.92
31,Jogging,23507013862000,-19.08,18.85,-2.11
31,Jogging,23509501655000,1.31,3.72,0.89
31,Jogging,23511991737000,-8.08,-1.38,-2.11
31,Jogging,23514511665000,-19.11,17.97,-3.3
31,Jogging,23517011604000,-3.26,15.55,-2.34
31,Jogging,23519511604000,-19.23,18.73,-0.15
31,Jogging,23522001655000,-6.13,-0.91,7.04
31,Jogging,23524501747000,-4.63,19.34,8.27
31,Jogging,23527001747000,-6.63,3.87,-1.88
31,Jogging,23529491707000,-1.84,-5.13,-7.25
31,Jogging,23532021767000,-15.51,11.65,-2.72
31,Walking,23550161476000,-1.61,8.66,0.04
31,Walking,23552661507000,2.41,7.67,3.79
31,Walking,23555151619000,-0.42,14.14,-1.84
31,Walking,23557651466000,-3.21,3.17,-1.5
31,Walking,23560141487000,-0.93,7.59,-1.76
31,Walking,23562661537000,2.98,9.62,4.18
31,Walking,23565141487000,4.86,11.65,-2.6
31,Walking,23567661476000,-1.42,4.75,-1.27
31,Walking,23570141518000,9.92,17.01,10.38
31,Walking,23572661629000,-1.33,10.61,-4.82
31,Walking,23575141518000,0.91,7.12,-0.38
31,Walking,23577631630000,6.17,12.68,-0.99
31,Walking,23580151497000,-1.84,4.79,-2.56
31,Walking,23582631477000,-2.64,5.52,1.23
31,Walking,23585151527000,0.0,8.01,-0.46
31,Walking,23587631447000,0.53,13.67,7.86
31,Walking,23590131477000,1.31,2.64,-2.96
31,Walking,23592651466000,-5.28,9.11,-3.11
31,Walking,23595141579000,2.45,8.31,-0.84
31,Walking,23597661690000,2.49,16.44,-2.64
31,Walking,23600141487000,-3.45,1.88,-0.93
31,Walking,23602631599000,-3.45,9.3,-3.91
31,Walking,23605151436000,3.91,11.07,6.59
31,Walking,23607631447000,-5.33,6.47,-1.88
31,Walking,23610161476000,-6.85,5.75,1.76
31,Walking,23612641609000,-0.34,7.74,-0.95
31,Walking,23615161476000,2.96,12.87,0.27
31,Walking,23617651466000,-2.11,16.97,-3.02
31,Walking,23620131447000,-4.25,6.55,6.43
31,Walking,23622651466000,-1.92,12.22,-4.1
31,Walking,23625151466000,1.46,10.04,-1.54
31,Walking,23627631538000,3.87,11.88,0.04
31,Walking,23630141609000,-2.6,3.11,-2.64
31,Walking,23632661507000,1.08,2.76,0.0
31,Walking,23635151466000,-1.61,13.72,-3.17
31,Walking,23637661568000,3.49,11.92,1.08
31,Walking,23640141579000,1.61,12.49,-0.42
31,Walking,23642661476000,0.46,4.75,-0.95
31,Walking,23645151466000,-2.98,11.22,0.84
31,Walking,23647631538000,0.23,7.44,-1.38
31,Walking,23650161598000,3.11,12.07,-0.34
31,Walking,23652641487000,-1.33,3.06,-3.02
31,Walking,23655161476000,-1.92,1.95,-3.83
31,Walking,23657641579000,0.95,8.01,-1.23
31,Walking,23660151466000,1.42,13.29,5.37
31,Walking,23662641487000,-0.89,2.68,-1.31
31,Walking,23665141487000,3.11,16.89,16.24
31,Walking,23667661476000,-2.03,12.98,-3.3
31,Walking,23670151466000,1.95,8.05,-0.8
31,Walking,23672631599000,4.52,15.47,-0.11
31,Walking,23675131508000,-1.46,4.14,2.68
31,Walking,23677651466000,-0.38,12.76,-0.31
31,Walking,23680131447000,-3.38,14.18,-5.63
31,Walking,23682651466000,1.18,9.66,-0.95
31,Walking,23685151558000,4.44,15.43,-1.12
31,Walking,23687631447000,-2.22,16.13,-4.21
31,Walking,23690131630000,0.65,5.01,0.99
31,Walking,23692651466000,-1.42,9.58,2.56
31,Walking,23695141487000,9.47,16.63,3.83
31,Walking,23697631447000,-4.29,14.6,4.29
31,Walking,23700141487000,-0.46,8.73,-0.72
31,Walking,23702661476000,4.59,14.79,-0.69
31,Walking,23705141548000,-1.54,17.67,-4.21
31,Walking,23707661629000,-3.87,3.83,-2.83
31,Walking,23710141518000,-1.08,6.09,-1.23
31,Walking,23712661476000,-1.08,8.89,-1.18
31,Walking,23715161476000,2.68,12.22,-1.69
31,Walking,23717641487000,-5.79,12.15,-4.4
31,Walking,23720161507000,2.83,15.47,14.86
31,Walking,23722641609000,-4.33,8.5,4.75
31,Walking,23725131508000,-0.69,7.55,-1.18
31,Walking,23727651619000,3.87,12.95,-1.5
31,Walking,23730132118000,-4.48,6.74,-2.37
31,Walking,23732651375000,1.04,13.99,1.08
31,Walking,23735131569000,-0.19,6.82,-0.08
31,Walking,23737651588000,4.82,16.89,-1.65
31,Walking,23740221290000,-1.42,3.49,-3.02
31,Walking,23742661507000,-3.15,9.51,2.75
31,Walking,23745141487000,-0.53,7.7,-0.46
31,Walking,23747631538000,2.79,12.76,-1.76
31,Walking,23750151741000,-3.11,5.52,-1.31
31,Walking,23752651436000,2.98,18.39,11.56
31,Walking,23755141548000,-0.5,8.28,-0.8
31,Walking,23757631508000,0.61,11.07,-0.38
31,Walking,23760151588000,-5.43,11.6,-4.1
31,Walking,23762661629000,1.04,17.88,9.89
31,Walking,23765141518000,-2.26,11.65,-2.6
31,Walking,23767661720000,3.91,14.21,4.18
31,Walking,23770141548000,-6.09,8.2,-2.07
31,Walking,23772661720000,0.11,13.21,3.95
31,Walking,23775141670000,-4.14,10.27,-1.73
31,Walking,23777632576000,0.95,9.43,-0.84
31,Walking,23780151466000,3.26,10.73,5.79
31,Walking,23782631477000,-2.56,3.68,-2.64
31,Walking,23785161568000,-5.48,9.38,4.52
31,Walking,23787641518000,-0.46,7.67,-0.72
31,Walking,23790161720000,2.22,13.06,5.52
31,Walking,23792651466000,-4.14,17.69,-4.18
31,Walking,23795131569000,-2.68,2.26,-2.72
31,Walking,23797641579000,-2.37,6.47,-3.87
31,Walking,23800131691000,0.53,7.82,-0.61
31,Walking,23802661598000,-0.76,12.11,5.24
31,Walking,23805151588000,-4.02,7.74,-3.49
31,Walking,23807631538000,-5.05,4.4,3.21
31,Walking,23810151466000,-2.91,10.15,-3.79
31,Walking,23812631538000,0.53,9.47,-0.31
31,Walking,23815151649000,1.53,11.6,-0.11
31,Walking,23817631477000,-1.95,5.33,1.73
31,Walking,23820154610000,-5.6,7.86,-0.76
31,Walking,23822631660000,1.12,15.94,15.94
31,Walking,23825151649000,-2.91,5.86,-2.26
31,Walking,23827631477000,-0.89,7.86,0.08
31,Walking,23830131508000,-0.99,10.42,0.38
31,Walking,23832651619000,-0.15,15.02,-2.83
31,Walking,23835131538000,-2.26,4.79,-2.76
31,Walking,23837651497000,-5.24,15.55,2.87
31,Walking,23840131630000,-0.61,6.4,-0.89
31,Walking,23842651497000,1.92,12.03,-1.84
31,Walking,23845161445000,-1.8,3.06,1.8
31,Walking,23847631660000,0.19,15.98,8.47
31,Walking,23850151466000,0.99,8.05,-0.27
31,Walking,23852631294000,-0.53,9.04,-0.46
31,Walking,23855151619000,0.57,13.44,-2.79
31,Walking,23857631630000,-0.46,5.75,-1.04
31,Walking,23860161476000,-6.82,9.7,3.6
31,Walking,23862641487000,-0.23,7.27,-0.31
31,Walking,23865163185000,0.61,13.72,3.83
31,Walking,23867643806000,-3.6,19.61,-3.72
31,Walking,23870131569000,-2.18,3.17,-2.15
31,Walking,23872651558000,-5.05,11.75,-2.96
31,Walking,23875161537000,-0.19,10.27,-0.19
31,Walking,23877661445000,0.23,12.11,8.08
31,Walking,23880141487000,-2.15,1.8,-0.04
31,Walking,23882661507000,-4.14,7.59,1.69
31,Walking,23885141487000,-1.14,12.18,-1.33
31,Walking,23887631508000,-0.61,8.66,0.38
31,Walking,23890151558000,-0.65,19.0,-2.41
31,Walking,23892631508000,-3.53,3.99,0.69
31,Walking,23895151588000,-3.38,8.58,-2.98
31,Walking,23897641518000,-1.31,7.82,-0.8
31,Jogging,23921841530000,14.1,18.96,2.07
31,Jogging,23924351631000,-2.68,-2.64,-6.63
31,Jogging,23926841652000,-0.46,7.74,-7.89
31,Jogging,23929341652000,3.26,-4.63,-0.27
31,Jogging,23931861519000,19.95,19.72,7.5
31,Jogging,23934351478000,-1.69,-0.08,0.04
31,Jogging,23936871620000,19.95,1.23,2.72
31,Jogging,23939351478000,0.38,-2.72,-1.08
31,Jogging,23941881599000,-2.72,-1.46,-4.75
31,Jogging,23944361641000,-1.84,8.05,0.3
31,Jogging,23946881599000,1.76,-3.36,1.38
31,Jogging,23949371620000,2.37,1.31,-1.65
31,Jogging,23951871651000,-3.87,0.93,-7.55
31,Jogging,23954371651000,19.65,17.82,-6.66
31,Jogging,23956882240000,2.26,-9.81,3.98
31,Jogging,23959361488000,-2.56,-2.79,-5.67
31,Jogging,23961842476000,19.95,18.24,-10.23
31,Jogging,23964351478000,7.01,3.87,-1.8
31,Jogging,23966873146000,-2.11,0.5,-1.42
31,Jogging,23969371406000,10.69,-8.43,-0.19
31,Jogging,23971881508000,13.76,19.27,7.16
31,Jogging,23974371467000,-3.21,3.95,4.06
31,Jogging,23976861641000,8.31,-6.51,-1.12
31,Jogging,23979351662000,10.72,16.44,0.61
31,Jogging,23981841621000,-4.44,6.17,3.17
31,Jogging,23984361641000,18.07,-6.17,-3.26
31,Jogging,23986851631000,8.77,14.9,-1.38
31,Jogging,23989381477000,-2.34,1.57,-1.04
31,Jogging,23991871620000,13.25,-4.99,-1.18
31,Jogging,23994351662000,1.08,15.05,10.53
31,Jogging,23996841652000,-1.61,2.79,-2.64
31,Jogging,23999371467000,0.91,-4.1,0.89
31,Jogging,24001861610000,0.27,4.18,-3.06
31,Jogging,24004381660000,19.95,17.12,-6.51
31,Jogging,24006841682000,0.72,0.53,-0.19
31,Jogging,24009371620000,-3.76,2.18,-0.53
31,Jogging,24011861488000,5.86,-10.0,0.8
31,Jogging,24014381630000,-2.56,1.76,-5.75
31,Jogging,24016851570000,19.95,19.76,-4.71
31,Jogging,24019371467000,5.48,-4.1,-0.04
31,Jogging,24021851601000,19.95,18.05,4.52
31,Jogging,24024381599000,-3.3,3.53,-2.11
31,Jogging,24026841743000,14.02,-2.26,3.91
31,Jogging,24029361671000,19.23,12.3,2.49
31,Jogging,24031851692000,-9.58,-4.14,-7.89
31,Jogging,24034381630000,3.91,-5.6,-0.57
31,Jogging,24036861549000,2.34,7.59,1.38
31,Jogging,24039381630000,19.3,19.76,-8.92
31,Jogging,24041871651000,2.91,-4.06,-0.19
31,Jogging,24044351601000,-0.65,0.38,-3.53
31,Jogging,24046881508000,6.74,8.12,0.76
31,Jogging,24049341713000,7.55,0.27,-2.49
31,Jogging,24051881508000,-2.15,-1.84,-0.69
31,Jogging,24054381660000,15.94,-2.98,4.79
31,Jogging,24056861641000,19.95,9.28,0.57
31,Jogging,24059351601000,0.89,1.33,-2.22
31,Jogging,24061871467000,3.15,-4.37,-0.23
31,Jogging,24064361488000,-0.46,2.22,-2.26
31,Jogging,24066881752000,19.84,0.31,6.05
31,Jogging,24069341621000,1.04,-2.79,-0.57
31,Jogging,24071861519000,-2.18,-1.84,-6.97
31,Jogging,24074351601000,18.47,5.71,-0.53
31,Jogging,24076871284000,2.18,-0.61,-1.18
31,Jogging,24079371376000,-2.76,-1.57,-4.79
31,Jogging,24081861671000,19.5,15.85,-1.84
31,Jogging,24084361519000,3.64,0.38,-1.23
31,Jogging,24086941292000,-2.18,-1.92,-0.57
31,Jogging,24089381477000,16.74,9.58,-0.38
31,Jogging,24091871467000,1.95,-2.87,0.69
31,Jogging,24094431251000,0.69,3.06,-2.56
31,Jogging,24096881477000,-0.08,3.41,4.02
31,Jogging,24099352180000,19.34,11.88,-0.95
31,Jogging,24101931404000,4.29,2.72,-0.89
31,Jogging,24104371590000,-3.3,3.38,-5.05
31,Jogging,24106861671000,-1.88,5.24,1.53
31,Jogging,24109381599000,4.48,-9.0,-1.95
31,Jogging,24111871620000,5.18,15.13,11.26
31,Jogging,24114361915000,10.27,18.77,-5.05
31,Jogging,24116881477000,-0.08,-3.68,0.27
31,Jogging,24119371590000,3.36,17.58,12.45
31,Jogging,24121851601000,-1.84,7.12,-1.46
31,Jogging,24124381599000,1.27,-5.18,-0.57
31,Jogging,24126861763000,-0.15,2.64,-3.72
31,Jogging,24129361610000,17.2,19.53,-3.11
31,Jogging,24131851601000,1.14,-6.78,-0.27
31,Jogging,24134371559000,-2.96,-0.34,-3.72
31,Jogging,24136871559000,19.57,-2.3,2.6
31,Jogging,24139355263000,19.91,10.04,2.37
31,Jogging,24141871406000,1.23,8.66,-3.3
31,Jogging,24144371590000,9.15,-9.62,1.53
31,Jogging,24146871559000,0.61,3.02,-0.93
31,Jogging,24149352547000,15.94,3.83,4.21
31,Jogging,24151881630000,15.13,2.07,0.53
31,Jogging,24154381508000,-3.34,-0.27,-2.15
31,Jogging,24156861519000,2.22,-4.02,-0.38
31,Jogging,24159351631000,-0.53,9.47,-0.19
31,Jogging,24161851631000,19.95,17.73,-7.08
31,Jogging,24164371498000,15.89,18.54,5.75
31,Jogging,24166851631000,12.91,15.51,-5.28
31,Jogging,24169381477000,2.72,0.19,-1.08
31,Jogging,24171861519000,-1.84,0.31,-1.99
31,Jogging,24174351631000,3.95,-8.39,-0.27
31,Jogging,24176881630000,-4.37,0.46,-4.4
31,Jogging,24179361488000,9.34,-4.79,0.23
31,Jogging,24181871467000,-1.04,0.27,-6.7
31,Jogging,24184351478000,19.95,12.26,-6.05
31,Jogging,24186841499000,19.89,16.74,3.26
31,Jogging,24189361488000,-1.54,4.25,-3.26
31,Jogging,24191881477000,-0.04,-3.41,-1.31
31,Jogging,24194361641000,-4.33,-1.73,-5.67
31,Jogging,24196851509000,5.6,-5.33,0.69
31,Jogging,24199351631000,-1.23,2.11,-5.98
31,Jogging,24201851509000,19.95,6.97,0.3
31,Jogging,24204381599000,19.95,17.73,8.85
31,Jogging,24206841621000,-1.23,4.52,-0.89
31,Jogging,24209361641000,8.77,-13.29,-0.15
31,Jogging,24211851509000,-2.45,0.04,-3.21
31,Jogging,24214381630000,19.95,-10.61,12.79
31,Jogging,24216871620000,18.16,19.11,9.28
31,Jogging,24219371498000,8.81,14.06,-3.76
31,Jogging,24221851478000,1.61,-12.83,1.31
31,Jogging,24224381630000,-2.56,-0.38,-1.95
31,Jogging,24226871620000,1.14,-6.17,-0.76
31,Jogging,24229381630000,-0.84,-0.42,-7.89
31,Jogging,24231861488000,19.95,13.91,-3.34
31,Jogging,24234361641000,19.15,11.88,5.94
31,Jogging,24236871498000,0.72,11.07,-2.18
31,Jogging,24239351570000,3.11,-4.06,0.65
31,Jogging,24241881691000,-3.49,-0.15,-4.02
31,Jogging,24244381630000,7.35,-2.22,-1.54
31,Jogging,24246861671000,5.41,16.17,12.76
31,Jogging,24249394630000,19.95,16.09,-5.52
31,Jogging,24251871620000,18.5,5.67,0.11
31,Jogging,24254371620000,-2.41,2.87,1.69
31,Jogging,24256851631000,5.33,-9.7,-0.53
31,Jogging,24259361671000,-3.15,-0.04,-3.21
31,Jogging,24261881599000,19.27,-4.9,6.63
31,Jogging,24264371651000,13.4,15.55,5.33
31,Jogging,24266851631000,3.68,13.91,-2.53
31,Jogging,24269371651000,2.98,-1.46,-0.5
31,Jogging,24271851631000,-1.69,-0.46,-7.16
31,Jogging,24274351631000,19.95,-4.25,3.02
31,Jogging,24276871590000,0.08,4.18,-2.76
31,Jogging,24279351662000,19.76,19.72,-8.39
31,Jogging,24281881538000,8.39,7.16,-0.27
31,Upstairs,24372541481000,-3.68,10.8,0.0
31,Upstairs,24375061500000,-5.22,7.55,2.14
31,Upstairs,24377541481000,0.27,3.21,2.03
31,Upstairs,24380071480000,-12.95,15.66,2.6
31,Upstairs,24382551613000,-2.6,10.5,0.8
31,Upstairs,24385041633000,-2.72,9.53,0.72
31,Upstairs,24387561500000,-7.74,8.92,-0.34
31,Upstairs,24390041511000,-4.21,9.34,1.12
31,Upstairs,24392571449000,-4.33,6.63,0.95
31,Upstairs,24395051643000,-3.99,9.85,0.95
31,Upstairs,24397571480000,-5.9,6.4,-0.15
31,Upstairs,24400051643000,-2.64,9.28,0.91
31,Upstairs,24402551613000,-5.94,9.77,-0.23
31,Upstairs,24405071602000,-5.28,10.99,0.04
31,Upstairs,24407541511000,-6.24,13.4,0.72
31,Upstairs,24410061470000,-5.71,9.53,-0.69
31,Upstairs,24412571754000,-6.89,8.89,-1.12
31,Upstairs,24415061500000,-5.43,7.67,-0.31
31,Upstairs,24417551643000,-7.06,8.31,0.23
31,Upstairs,24420071602000,-8.77,9.34,0.5
31,Upstairs,24422541511000,-4.37,11.26,3.41
31,Upstairs,24425061470000,-4.37,4.56,-0.93
31,Upstairs,24427571602000,-1.76,7.21,0.3
31,Upstairs,24430051521000,-7.44,6.85,1.31
31,Upstairs,24432561470000,-6.78,7.35,0.57
31,Upstairs,24435061470000,-6.36,8.47,2.45
31,Upstairs,24437541481000,-0.38,2.83,4.37
31,Upstairs,24440051521000,-4.06,7.31,0.53
31,Upstairs,24442571449000,-6.93,9.38,-0.11
31,Upstairs,24445051491000,-6.44,7.55,5.67
31,Downstairs,24458821632000,-3.34,6.02,2.79
31,Downstairs,24461301552000,-1.46,16.44,-0.69
31,Downstairs,24463801552000,-0.53,7.82,1.92
31,Downstairs,24466321693000,-1.99,9.08,-2.3
31,Downstairs,24468811500000,-1.33,9.51,-2.37
31,Downstairs,24471331428000,-1.42,7.93,0.46
31,Downstairs,24473821663000,-4.06,9.23,0.5
31,Downstairs,24476321724000,-2.22,3.83,-0.11
31,Downstairs,24478831459000,-1.33,10.92,-1.73
31,Downstairs,24481311439000,-2.96,9.15,-0.19
31,Downstairs,24483811561000,-0.11,9.11,0.34
31,Downstairs,24486301521000,0.53,7.67,3.57
31,Downstairs,24488821602000,0.76,10.34,1.23
31,Downstairs,24491301521000,-2.68,4.94,0.08
31,Downstairs,24493801308000,-2.87,8.73,2.91
31,Downstairs,24496311470000,-1.14,10.15,1.23
31,Downstairs,24498832405000,0.27,11.65,-0.5
31,Downstairs,24501311470000,3.87,14.06,3.34
31,Downstairs,24503821602000,-2.07,5.48,0.0
31,Downstairs,24506321602000,-4.79,6.59,0.27
31,Downstairs,24508831459000,-1.92,10.8,3.64
31,Downstairs,24511311470000,-2.18,4.94,-0.53
31,Downstairs,24513831489000,-6.4,5.18,0.95
31,Downstairs,24516311470000,-2.37,6.47,2.56
31,Downstairs,24518831489000,-1.31,10.19,0.61
31,Downstairs,24521311500000,-2.79,8.35,3.34
31,Upstairs,24539871742000,-3.21,2.53,3.57
31,Upstairs,24542391487000,-6.32,10.95,-0.76
31,Upstairs,24544861610000,-3.68,7.93,0.61
31,Upstairs,24547381477000,-3.11,5.33,5.37
31,Upstairs,24549871590000,1.46,9.58,-1.76
31,Upstairs,24552371498000,1.99,6.93,1.31
31,Upstairs,24554891609000,18.35,15.64,-1.23
31,Upstairs,24557371528000,3.76,0.04,2.34
31,Upstairs,24559861519000,2.72,5.13,-0.42
31,Upstairs,24562381477000,1.76,7.44,1.31
31,Upstairs,24564901649000,-5.01,11.56,-0.5
31,Upstairs,24567391640000,3.76,10.76,-0.19
31,Upstairs,24569891731000,0.34,6.21,-3.26
31,Upstairs,24572381477000,3.26,5.56,3.11
31,Upstairs,24574861549000,1.92,7.46,-0.89
31,Upstairs,24577391609000,2.83,2.22,5.13
31,Upstairs,24579871620000,1.92,3.79,2.3
31,Upstairs,24582391762000,-0.57,6.05,1.53
31,Upstairs,24584861549000,3.53,8.81,-0.27
31,Upstairs,24587381447000,1.84,13.63,-1.12
31,Upstairs,24589861549000,0.95,8.24,2.14
31,Upstairs,24592371620000,5.05,14.63,4.29
31,Upstairs,24594891670000,-0.11,7.93,-1.33
31,Upstairs,24597391579000,2.98,9.81,-0.11
31,Upstairs,24599881477000,0.61,8.62,0.15
31,Upstairs,24602361549000,1.5,7.55,1.33
31,Upstairs,24604881477000,-0.46,9.96,0.04
31,Upstairs,24607361580000,4.33,18.39,2.26
31,Upstairs,24609881477000,1.33,3.49,5.18
31,Upstairs,24612391609000,0.0,5.28,3.06
31,Downstairs,24633141548000,-4.52,8.31,3.17
31,Downstairs,24635661476000,-1.76,16.02,-1.18
31,Downstairs,24638151436000,-1.69,14.63,-0.65
31,Downstairs,24640631477000,-3.49,10.23,-0.89
31,Downstairs,24643161476000,-2.76,6.05,1.04
31,Downstairs,24645641609000,-0.38,14.1,2.03
31,Downstairs,24648141487000,0.42,14.6,2.37
31,Downstairs,24650661537000,-6.66,6.24,-0.15
31,Downstairs,24653161507000,-4.52,11.5,-0.04
31,Downstairs,24655641548000,-3.21,5.71,0.65
31,Downstairs,24658151497000,-1.5,7.82,1.88
31,Downstairs,24660671486000,-3.41,6.93,2.22
31,Downstairs,24663161629000,-1.46,9.72,4.06
31,Downstairs,24665641518000,0.3,15.7,3.11
31,Downstairs,24668171547000,-2.34,9.11,-1.65
31,Downstairs,24670651497000,-2.76,4.82,0.69
31,Downstairs,24673131386000,0.46,10.73,2.34
31,Downstairs,24675641609000,-4.94,5.83,2.18
31,Downstairs,24678141518000,-2.03,14.25,5.01
31,Downstairs,24680661507000,-4.1,5.09,1.14
31,Downstairs,24683141609000,-1.84,2.53,-0.61
31,Downstairs,24685661598000,-2.56,6.47,3.02
31,Downstairs,24688151497000,-6.36,17.86,-4.18
31,Downstairs,24690641518000,-3.38,7.59,-0.53
31,Downstairs,24693161598000,-0.8,8.54,-0.53
31,Downstairs,24695651466000,-2.49,10.19,2.96
31,Downstairs,24698171425000,-3.64,4.48,0.61
31,Upstairs,24715451546000,-2.72,9.85,1.57
31,Upstairs,24717971443000,-2.91,13.29,0.42
31,Upstairs,24720461525000,-1.23,9.23,-0.89
31,Upstairs,24722951515000,1.38,13.91,-1.12
31,Upstairs,24725561287000,1.14,10.23,-0.99
31,Upstairs,24727961555000,1.14,4.82,0.91
31,Upstairs,24730471504000,-2.64,8.31,0.15
31,Upstairs,24733041267000,1.57,6.85,4.29
31,Upstairs,24735461494000,-0.46,17.35,2.03
31,Upstairs,24737981514000,0.91,8.16,-1.57
31,Upstairs,24740481483000,0.5,9.47,-1.12
31,Upstairs,24742961525000,-1.61,7.7,1.27
31,Upstairs,24745471474000,0.76,8.24,0.38
31,Upstairs,24747961494000,2.83,10.57,0.3
31,Upstairs,24750451515000,1.31,6.05,2.83
31,Upstairs,24752971626000,-4.25,8.81,0.53
31,Upstairs,24755461494000,-0.19,8.31,-0.53
31,Upstairs,24757981514000,-0.69,9.92,4.63
31,Upstairs,24760481483000,1.76,10.04,-0.19
31,Upstairs,24762961525000,-0.04,8.16,0.19
31,Upstairs,24765481514000,2.79,11.99,-0.89
31,Upstairs,24767981483000,-0.19,11.03,-0.89
31,Upstairs,24770461494000,0.0,16.17,1.92
31,Upstairs,24772981483000,0.23,5.79,0.8
31,Upstairs,24775461494000,0.61,9.15,1.23
31,Upstairs,24777961616000,-2.15,10.12,-0.65
31,Upstairs,24780481636000,1.08,14.63,4.29
31,Upstairs,24782961494000,-1.18,3.57,2.14
31,Upstairs,24785471474000,1.38,9.28,-2.72
31,Upstairs,24787951485000,0.23,9.7,-1.88
31,Upstairs,24790471443000,1.04,8.54,0.61
31,Upstairs,24792951607000,-1.33,6.21,0.08
31,Downstairs,24807281502000,7.46,4.1,-0.46
31,Downstairs,24809800453000,8.66,8.28,4.52
31,Downstairs,24812281502000,0.08,9.66,3.76
31,Downstairs,24814761543000,1.53,5.48,-0.11
31,Downstairs,24817281624000,4.44,5.86,-0.19
31,Downstairs,24819761513000,3.98,4.21,1.38
31,Downstairs,24822281502000,9.34,6.13,4.25
31,Downstairs,24824771461000,8.08,6.4,-1.57
31,Downstairs,24827301552000,-4.75,4.86,2.26
31,Downstairs,24829781563000,5.24,9.08,2.68
31,Downstairs,24832291481000,5.56,12.3,1.23
31,Downstairs,24834781471000,10.0,11.65,0.61
31,Downstairs,24837281502000,11.45,11.35,1.84
31,Downstairs,24839801521000,8.92,3.76,3.02
31,Downstairs,24842281349000,10.11,4.9,3.17
31,Downstairs,24844801613000,6.66,3.17,4.02
31,Downstairs,24847301491000,5.18,3.38,-0.42
31,Downstairs,24849781502000,6.24,6.74,1.04
31,Downstairs,24852281563000,8.24,5.71,0.42
31,Downstairs,24854761513000,2.41,3.6,-0.04
31,Downstairs,24857282081000,5.6,7.44,-0.76
31,Downstairs,24859801491000,18.47,10.23,6.28
31,Downstairs,24862281471000,9.81,7.12,-0.61
31,Downstairs,24864761482000,7.01,8.05,-1.73
31,Downstairs,24867281502000,7.21,5.83,-0.27
31,Downstairs,24869801552000,6.47,1.95,3.36
31,Sitting,24919261482000,1.18,-0.04,9.7
31,Sitting,24921781441000,1.76,0.11,9.62
31,Sitting,24924261513000,1.38,-0.04,9.62
31,Sitting,24926781441000,1.14,0.04,9.66
31,Sitting,24929271492000,1.18,-0.04,9.62
31,Sitting,24931761482000,1.23,-0.08,9.66
31,Sitting,24934241310000,1.12,-0.11,9.58
31,Sitting,24936761543000,0.76,0.04,9.81
31,Sitting,24939282112000,0.89,-0.08,9.72
31,Sitting,24941841286000,0.99,-0.08,9.66
31,Sitting,24944281441000,1.04,-0.11,9.7
31,Sitting,24946761482000,0.95,-0.15,9.7
31,Sitting,24949281441000,0.95,-0.08,9.7
31,Sitting,24951771492000,0.89,-0.08,9.66
31,Sitting,24954251472000,0.89,-0.23,9.66
31,Sitting,24956781441000,0.89,-0.11,9.7
31,Sitting,24959261513000,0.89,-0.15,9.66
31,Sitting,24961781441000,0.91,-0.11,9.7
31,Sitting,24964271492000,0.89,-0.15,9.72
31,Sitting,24966751472000,0.91,-0.15,9.66
31,Sitting,24969271492000,0.91,-0.15,9.7
31,Sitting,24971761513000,0.84,-0.15,9.7
31,Sitting,24974281532000,0.91,-0.15,9.72
31,Sitting,24976761513000,0.89,-0.19,9.7
31,Sitting,24979251503000,0.91,-0.23,9.62
31,Sitting,24981731483000,0.89,-0.15,9.7
31,Sitting,24984251472000,0.84,-0.15,9.66
31,Sitting,24986771492000,1.12,0.15,9.53
31,Sitting,24989261513000,0.95,-0.19,9.72
31,Sitting,24991741524000,0.91,-0.19,9.7
31,Sitting,24994261513000,0.89,-0.19,9.7
31,Sitting,24996781441000,0.84,-0.23,9.7
31,Sitting,24999261513000,0.76,-0.3,9.72
31,Sitting,25001713295000,0.76,-0.23,9.7
31,Sitting,25004271492000,0.8,-0.23,9.7
31,Sitting,25006761482000,0.89,-0.19,9.72
31,Sitting,25009281441000,0.76,-0.27,9.7
31,Sitting,25011761482000,0.76,-0.27,9.7
31,Sitting,25014281441000,0.84,-0.19,9.7
31,Sitting,25016751503000,0.89,-0.23,9.7
31,Sitting,25019271522000,0.89,-0.19,9.72
31,Sitting,25021751472000,0.84,-0.27,9.7
31,Sitting,25024281471000,0.5,-0.27,9.72
31,Standing,25078461525000,1.95,9.81,-1.08
31,Standing,25080942329000,2.3,9.28,-0.31
31,Standing,25083461555000,2.26,9.11,-0.08
31,Standing,25085941444000,2.11,9.04,0.27
31,Standing,25088461494000,1.57,7.86,0.3
31,Standing,25090941444000,3.02,8.85,-0.93
31,Standing,25093461525000,1.65,9.28,0.19
31,Standing,25095941444000,2.26,9.08,-0.65
31,Standing,25098461525000,3.91,8.35,-0.46
31,Standing,25100941475000,3.41,8.85,-0.23
31,Standing,25103461525000,4.48,8.12,-0.27
31,Standing,25105941444000,3.95,8.47,-0.08
31,Standing,25108461525000,4.02,8.47,0.0
31,Standing,25110941444000,4.25,8.47,-0.08
31,Standing,25113461494000,3.87,8.54,-0.04
31,Standing,25115961494000,4.02,8.28,0.19
31,Standing,25118441444000,4.33,8.39,0.0
31,Standing,25120961494000,3.91,8.58,-0.15
31,Standing,25123441475000,4.14,8.08,-0.08
31,Standing,25125961525000,4.06,8.24,0.04
31,Standing,25128441444000,5.18,7.67,0.04
31,Standing,25130961525000,5.6,7.46,-0.04
31,Standing,25133451546000,5.56,7.46,0.27
31,Standing,25135952217000,6.4,7.31,0.38
31,Standing,25138461647000,6.21,6.89,-0.04
31,Standing,25140941505000,5.98,6.97,0.08
31,Standing,25143473671000,6.02,7.08,0.27
31,Standing,25145951485000,6.28,6.97,-0.23
31,Standing,25148441536000,6.51,6.85,-0.04
31,Standing,25150961616000,5.94,6.93,-0.04
31,Standing,25153441505000,6.05,6.89,-0.04
31,Standing,25155961647000,6.17,7.44,-0.08
31,Standing,25158431526000,5.94,6.51,0.38
31,Standing,25160951454000,7.12,4.6,3.64
31,Standing,25163431312000,7.31,5.05,3.34
31,Standing,25165961525000,7.82,4.99,1.92
31,Standing,25168441475000,7.21,4.99,0.23
31,Standing,25170962196000,7.89,4.75,1.23
31,Standing,25173451271000,7.89,4.6,1.23
31,Standing,25175931526000,7.5,5.24,0.89
31,Standing,25178451485000,5.24,6.28,3.53
31,Standing,25181011330000,7.04,6.32,0.76
31,Standing,25183451485000,6.24,6.32,0.69
31,Standing,25185931526000,7.59,5.98,0.15
31,Standing,25188461616000,8.05,4.56,0.95
31,Standing,25190941505000,7.93,4.63,1.18
31,Standing,25193461616000,8.08,4.44,1.18
31,Standing,25195941810000,7.82,4.75,1.14
31,Standing,25198461647000,6.89,7.06,-0.08
31,Standing,25200951485000,6.36,7.08,-0.11
31,Standing,25203431587000,6.21,6.47,2.22
31,Standing,25205961677000,7.7,7.21,0.8