Date,Price
01/01/2017,908.8
01/08/2017,815.3
01/15/2017,924.0
01/22/2017,919.4
01/29/2017,1031.1
02/05/2017,1000.3
02/12/2017,1059.8
02/19/2017,1153.0
02/26/2017,1267.8
03/05/2017,1172.8
03/12/2017,971.0
03/19/2017,972.2
03/26/2017,1093.2
04/02/2017,1188.1
04/09/2017,1193.3
04/16/2017,1347.5
04/23/2017,1423.6
04/30/2017,1597.1
05/07/2017,1820.4
05/14/2017,2059.7
05/21/2017,1972.3
05/28/2017,2461.0
06/04/2017,2806.0
06/11/2017,2610.0
06/18/2017,2502.6
06/25/2017,2349.5
07/02/2017,2542.0
07/09/2017,1978.6
07/16/2017,2845.7
07/23/2017,2714.1
07/30/2017,3256.4
08/06/2017,3865.5
08/13/2017,4145.1
08/20/2017,4341.7
08/27/2017,4534.4
09/03/2017,4317.9
09/10/2017,3685.4
09/17/2017,3779.6
09/24/2017,4367.0
10/01/2017,4436.0
10/08/2017,5835.0
10/15/2017,6005.1
10/22/2017,5720.6
10/29/2017,7369.0
11/05/2017,6300.7
11/12/2017,7773.3
11/19/2017,8766.2
11/26/2017,10881.0
12/03/2017,14660.0
12/10/2017,19187.0
12/17/2017,14035.0
12/24/2017,12377.0
12/31/2017,17161.0
01/07/2018,14191.0
01/14/2018,12728.0
01/21/2018,11461.0
01/28/2018,9219.4
02/04/2018,8563.1
02/11/2018,11053.5